Source,Target,Board,NAICS6,NAICS4,NAICS3,NACIS2,NAICS3Colors
0,0641SC-E,Michigan Economic Development Corp.,813910,8139,813,81,#0080FF
78,06Q8QY-E,"The National Association of Black Suppliers, Inc.",813910,8139,813,81,#0080FF
79,07673P-E,Boys & Girls Republic,813410,8134,813,81,#0080FF
80,06JDBF-E,"General Motors Foundation, Inc.",813410,8134,813,81,#0080FF
83,00F86L-E,"Fusion Coolant Systems, Inc.",811191,8111,811,81,#178BE7
88,060C6Z-E,"Moonlight Industries, Inc.",811121,8111,811,81,#178BE7
89,06CLYP-E,Android Industries LLC,811118,8111,811,81,#178BE7
90,06YM29-E,EMCON Technologies LLC,811112,8111,811,81,#178BE7
91,07X1JD-E,"Canteen Services, Inc.",722320,7223,722,72,#2E97D0
93,25532M10,"Diversified Restaurant Holdings, Inc.",722211,7222,722,72,#2E97D0
99,25754A20,"Domino's Pizza, Inc.",722211,7222,722,72,#2E97D0
106,39248510,"Greektown Superholdings, Inc. Class A",721120,7211,721,72,#45A2B9
113,77866T20,"Rotate Black, Inc.",721120,7211,721,72,#45A2B9
116,59000K30,Meritage Hospitality Group Inc.,721110,7211,721,72,#45A2B9
121,007R99-E,"MGM Grand Detroit, Inc.",721110,7211,721,72,#45A2B9
122,09HRB1-E,Boys & Girls Club of Greater Flint,713940,7139,713,71,#5CAEA2
123,06VXVF-E,Greektown Casino LLC,713210,7132,713,71,#5CAEA2
126,063YD3-E,"Detroit Tigers, Inc.",711211,7112,711,71,#73B98B
127,0018V4-E,"Learning Care Group, Inc.",624410,6244,624,62,#8BC573
131,0707XH-E,Detroit Economic Growth Corp.,624310,6243,624,62,#8BC573
141,0728RH-E,Goodwill Industries of Greater Detroit,624310,6243,624,62,#8BC573
144,07Y6DT-E,"Grand Traverse Industries, Inc.",624310,6243,624,62,#8BC573
148,07R0T9-E,"New Horizons Rehabilitation Services, Inc.",624310,6243,624,62,#8BC573
149,07Y7X1-E,"Guest House, Inc.",624229,6242,624,62,#8BC573
164,07WV66-E,"Second Harvest Gleaners Food Bank of West Michigan, Inc.",624210,6242,624,62,#8BC573
182,08682V-E,Arab Community Center for Economic & Social Services,624190,6241,624,62,#8BC573
183,070QGS-E,Bethany Christian Services,624190,6241,624,62,#8BC573
185,07TG1W-E,Covenant House Michigan,624190,6241,624,62,#8BC573
187,07V7CK-E,"Jewish Community Center of Metropolitan Detroit, Inc.",624190,6241,624,62,#8BC573
188,05L3DC-E,Lutheran Social Services of Michigan,624190,6241,624,62,#8BC573
200,07XMNL-E,"Michigan Protection & Advocacy Service, Inc.",624190,6241,624,62,#8BC573
201,0887SF-E,United Way of Midland County,624190,6241,624,62,#8BC573
205,07J9CQ-E,Boys & Girls Club of Lenawee,624110,6241,624,62,#8BC573
207,07WDN3-E,"Judson Center, Inc.",624110,6241,624,62,#8BC573
208,07P5GJ-E,Evangelical Homes of Michigan,623311,6233,623,62,#A2D05C
210,07PBDL-E,"Lutheran Homes of Michigan, Inc.",623110,6231,623,62,#A2D05C
211,09SP6F-E,Michigan University of School of Natural Resources & Environm,623110,6231,623,62,#A2D05C
212,05YXZN-E,Battle Creek Health System,622110,6221,622,62,#B9DC45
226,0643QL-E,Bay Regional Medical Center,622110,6221,622,62,#B9DC45
236,064HY8-E,Bronson Methodist Hospital,622110,6221,622,62,#B9DC45
237,07PQR4-E,Carson City Hospital,622110,6221,622,62,#B9DC45
244,06428S-E,Children's Hospital of Michigan,622110,6221,622,62,#B9DC45
245,07P59Z-E,Clinton Memorial Hospital,622110,6221,622,62,#B9DC45
246,064HRW-E,Hackley Hospital,622110,6221,622,62,#B9DC45
263,07Q3F9-E,Hills & Dales General Hospital,622110,6221,622,62,#B9DC45
272,064Q00-E,Holland Hospital,622110,6221,622,62,#B9DC45
288,07P8GD-E,Huron Memorial Hospital,622110,6221,622,62,#B9DC45
299,07R1Y0-E,"Integrated Health Associates, Inc.",622110,6221,622,62,#B9DC45
318,080MVJ-E,McLaren Regional Medical Center,622110,6221,622,62,#B9DC45
319,07PF98-E,North Ottawa Community Hospital,622110,6221,622,62,#B9DC45
334,06XYGS-E,POH Regional Medical Center,622110,6221,622,62,#B9DC45
343,0655NN-E,Providence Hospital & Medical Centers,622110,6221,622,62,#B9DC45
345,07Q6KM-E,"Scheurer Hospital, Inc.",622110,6221,622,62,#B9DC45
346,080FZ2-E,"Spectrum Health Hospitals, Inc.",622110,6221,622,62,#B9DC45
347,0652R4-E,St. John Oakland Hospital,622110,6221,622,62,#B9DC45
348,05LC20-E,Trinity Health Corp.,622110,6221,622,62,#B9DC45
354,07PR31-E,West Branch Regional Medical Center,622110,6221,622,62,#B9DC45
356,07CBXB-E,BNN Holdings Corp.,621999,6219,621,62,#D0E72E
358,06WB9Y-E,"Business Health Services, Inc.",621999,6219,621,62,#D0E72E
360,064L8Y-E,Crittenton Hospital Medical Center (Michigan),621999,6219,621,62,#D0E72E
376,07XYKH-E,Marquette Medical-Dental Center Corp.,621999,6219,621,62,#D0E72E
377,06R5CH-E,Michigan Health & Hospital Association,621999,6219,621,62,#D0E72E
382,084N4W-E,"West Michigan Air Care, Inc.",621910,6219,621,62,#D0E72E
384,00B4D3-E,"American BioCare, Inc.",621610,6216,621,62,#D0E72E
388,0704ZR-E,"Great Lakes Home Health Services, Inc.",621610,6216,621,62,#D0E72E
389,00CLRY-E,"Delphinus Medical Technologies, Inc.",621512,6215,621,62,#D0E72E
394,0082PG-E,"Gema Diagnostics, Inc.",621512,6215,621,62,#D0E72E
397,0C2MTF-E,"Magnetic Resonance Innovations, Inc.",621512,6215,621,62,#D0E72E
401,0BZ0BH-E,"OcuSciences, Inc.",621512,6215,621,62,#D0E72E
402,00C4FS-E,"Ultrasound Medical Devices, Inc.",621512,6215,621,62,#D0E72E
405,00BCBQ-E,"Armune BioScience, Inc.",621511,6215,621,62,#D0E72E
408,0CJDVP-E,"Oxus America, Inc.",621511,6215,621,62,#D0E72E
409,0CZ13Q-E,"Michigan Rehabilitation Specialists, Inc.",621498,6214,621,62,#D0E72E
410,05KWK2-E,Detroit Medical Center,621491,6214,621,62,#D0E72E
416,0CLYZ4-E,"Truven Health Analytics, Inc.",621399,6213,621,62,#D0E72E
421,067JLF-E,American Laser Centers LLC,621111,6211,621,62,#D0E72E
423,07R3SD-E,Baldwin Family Health Care,621111,6211,621,62,#D0E72E
432,06W2TN-E,Lenawee Health Alliance,621111,6211,621,62,#D0E72E
434,06CRCH-E,Michigan Hospitalists PC,621111,6211,621,62,#D0E72E
435,07TNB0-E,"West Michigan Cancer Center, Inc.",621111,6211,621,62,#D0E72E
437,07Y9NB-E,Education & Training Connection,611710,6117,611,61,#E7F317
441,07VTP1-E,American Board of Emergency Medicine,611699,6116,611,61,#E7F317
442,0CXMXL-E,World Affairs Council of Western Michigan,611699,6116,611,61,#E7F317
443,088GRH-E,Bizdom,611430,6114,611,61,#E7F317
446,064R98-E,"Human Synergistics, Inc.",611430,6114,611,61,#E7F317
447,06J1S9-E,Ross Education LLC,611410,6114,611,61,#E7F317
450,06SCJ9-E,"Davenport Educational System, Inc.",611310,6113,611,61,#E7F317
451,0CWGW8-E,Delta College Foundation,611210,6112,611,61,#E7F317
452,06J0JF-E,Academy of the Sacred Heart,611110,6111,611,61,#E7F317
454,06S4C3-E,Fusion Education Group,611110,6111,611,61,#E7F317
455,067917-E,Interlochen Center for the Arts,611110,6111,611,61,#E7F317
457,07QHZK-E,"Kipp, Inc.",611110,6111,611,61,#E7F317
459,09QLVR-E,Rainbow Early Education Holding LLC,611110,6111,611,61,#E7F317
461,07QPL8-E,University of Detroit Jesuit High School & Academy,611110,6111,611,61,#E7F317
462,00C9SJ-E,Algal Scientific Corp.,562998,5629,562,56,#FFFF00
466,07N96N-E,Greater Detroit Resource Recovery Authority,562998,5629,562,56,#FFFF00
472,46639B10,"JPX Global, Inc.",562998,5629,562,56,#FFFF00
473,07S55W-E,Kelley Dewatering & Construction Co.,562910,5629,562,56,#FFFF00
474,07RLWL-E,"MPS Group, Inc. (Michigan)",562211,5622,562,56,#FFFF00
476,075SGW-E,Huron Valley Steel Corporation,562111,5621,562,56,#FFFF00
477,0CNVJ8-E,MSR Industrial Services LLC,561990,5619,561,56,#FFF300
479,07W2J2-E,The Convention & Vistors Bureau,561990,5619,561,56,#FFF300
480,07ZC3C-E,The Paslin Co.,561790,5617,561,56,#FFF300
481,080SVR-E,"24/7/365, Inc.",561720,5617,561,56,#FFF300
482,06HZTS-E,"Alliance Security Network, Inc.",561621,5616,561,56,#FFF300
483,07WVPP-E,"Central Alarm Signal, Inc.",561621,5616,561,56,#FFF300
484,00CRGY-E,"Duo Security, Inc.",561621,5616,561,56,#FFF300
486,069XPS-E,"Ensure Technologies, Inc.",561621,5616,561,56,#FFF300
487,0773HS-E,"iSekurity, Inc.",561621,5616,561,56,#FFF300
488,0712TX-E,"Safety Technology International, Inc.",561621,5616,561,56,#FFF300
490,00DL2G-E,Auto-Lab LLC,561613,5616,561,56,#FFF300
496,09L0PQ-E,3D Biomatrix LLC,561499,5614,561,56,#FFF300
497,00CDGT-E,"Accio Energy, Inc.",561499,5614,561,56,#FFF300
502,06RW1B-E,Ann Arbor IT Zone,561499,5614,561,56,#FFF300
505,083K8X-E,Detroit Hispanic Development Corp.,561499,5614,561,56,#FFF300
506,0C0W3X-E,"Estrakon, Inc.",561499,5614,561,56,#FFF300
507,07CTLY-E,"MarketLab, Inc.",561499,5614,561,56,#FFF300
508,00DHQZ-E,Own Point of Sale Corp.,561499,5614,561,56,#FFF300
511,064KH2-E,RGIS LLC,561499,5614,561,56,#FFF300
513,07LRJV-E,River Star LLC,561499,5614,561,56,#FFF300
515,07TG70-E,"Systems Technology International, Inc.",561499,5614,561,56,#FFF300
516,05KR0B-E,The Automotive Industry Action Group,561499,5614,561,56,#FFF300
519,06TL2D-E,"Translume, Inc.",561499,5614,561,56,#FFF300
522,06G0FY-E,VHS Group LLC,561499,5614,561,56,#FFF300
523,AACC-US,Asset Acceptance Capital Corp.,561440,5614,561,56,#FFF300
525,075Z45-E,"Leader Dogs For The Blind, Inc.",561320,5613,561,56,#FFF300
560,05NLG2-E,"Holding Group, Inc.",561312,5613,561,56,#FFF300
561,0DBCRP-E,Syncreon Holdings Ltd.,561312,5613,561,56,#FFF300
562,07LJCR-E,"Syncreon.US, Inc.",561312,5613,561,56,#FFF300
571,0B14WP-E,Abacus Service Corp.,561311,5613,561,56,#FFF300
572,48815220,"Kelly Services, Inc. Class A",561311,5613,561,56,#FFF300
582,05KR9D-E,"The Bartech Group, Inc.",561311,5613,561,56,#FFF300
584,07RBKN-E,"Building Technology Associates, Inc.",561210,5612,561,56,#FFF300
585,20594410,Con-way Inc.,561110,5611,561,56,#FFF300
595,0093Q3-E,"Actavision Ventures, Inc.",551112,5511,551,55,#FFE700
606,06625N-E,Affinia Group Intermediate H,551112,5511,551,55,#FFE700
611,0C91WZ-E,ARCH Global Precision LLC,551112,5511,551,55,#FFE700
612,0721Z6-E,Trelleborg Corp.,551112,5511,551,55,#FFE700
615,16373110,Chemical Financial Corporation,551111,5511,551,55,#FFE700
627,17038610,"ChoiceOne Financial Services, Inc.",551111,5511,551,55,#FFE700
638,0CCLZ5-E,"Citizens Bancshares, Inc. (Michigan)",551111,5511,551,55,#FFE700
639,12613T10,CNB Corporation,551111,5511,551,55,#FFE700
651,20404610,Community Shores Bank Corporation,551111,5511,551,55,#FFE700
656,008LJ9-E,"Crestmark Bancorp, Inc.",551111,5511,551,55,#FFE700
660,28027J10,"Edgewater Bancorp, Inc.",551111,5511,551,55,#FFE700
666,31464510,"Fentura Financial, Inc.",551111,5511,551,55,#FFE700
675,33793070,"Flagstar Bancorp, Inc.",551111,5511,551,55,#FFE700
683,30252820,"FNBH Bancorp, Inc.",551111,5511,551,55,#FFE700
689,38644110,"Grand River Commerce, Inc.",551111,5511,551,55,#FFE700
697,40413110,HCB Financial Corp.,551111,5511,551,55,#FFE700
704,45383860,Independent Bank Corporation,551111,5511,551,55,#FFE700
713,46421410,Isabella Bank Corporation,551111,5511,551,55,#FFE700
722,06LYHB-E,"Lotus Bancorp, Inc",551111,5511,551,55,#FFE700
740,55422510,Macatawa Bank Corporation,551111,5511,551,55,#FFE700
750,55457110,Mackinac Financial Corporation,551111,5511,551,55,#FFE700
759,57887710,MBT Financial Corp.,551111,5511,551,55,#FFE700
766,58737610,Mercantile Bank Corporation,551111,5511,551,55,#FFE700
771,60904520,"Monarch Community Bancorp, Inc.",551111,5511,551,55,#FFE700
778,86408710,"Sturgis Bancorp, Inc.",551111,5511,551,55,#FFE700
783,06VG7H-E,West Michigan Community Bank,551111,5511,551,55,#FFE700
784,0CJYGJ-E,General Dynamics Support Services Co.,541990,5419,541,54,#FFDC00
785,064G2T-E,"ForeSee Results, Inc.",541910,5419,541,54,#FFDC00
791,09ZDPR-E,"Michigan Future, Inc.",541910,5419,541,54,#FFDC00
792,06MLKF-E,Moore & Associates,541910,5419,541,54,#FFDC00
793,0646ZX-E,Morpace Inc.,541910,5419,541,54,#FFDC00
794,07KC13-E,Traffic Improvement Association of Oakland County,541910,5419,541,54,#FFDC00
795,07VTH2-E,"Armstrong White, Inc.",541890,5418,541,54,#FFDC00
796,000Y8L-E,"Valassis Communications, Inc.",541860,5418,541,54,#FFDC00
799,063W1L-E,Campbell-Ewald Co.,541810,5418,541,54,#FFDC00
800,007ND8-E,"FUSE Communication, Inc.",541810,5418,541,54,#FFDC00
801,064HHL-E,"GlobalHue, Inc.",541810,5418,541,54,#FFDC00
803,05FLHH-E,"John E. Fetzer Institute, Inc.",541720,5417,541,54,#FFDC00
813,0B60ZD-E,Western Michigan University School of Medicine,541720,5417,541,54,#FFDC00
815,0C67PQ-E,"Altair ProductDesign, Inc.",541712,5417,541,54,#FFDC00
818,06XPY7-E,Ash Stevens Inc.,541712,5417,541,54,#FFDC00
819,00DMM4-E,"Axonia Medical, Inc.",541712,5417,541,54,#FFDC00
822,07KYJ3-E,"Fraunhofer USA, Inc.",541712,5417,541,54,#FFDC00
833,0C69JG-E,Michigan Tech Research Institute,541712,5417,541,54,#FFDC00
835,07D9PH-E,"Molecular Imaging, Inc.",541712,5417,541,54,#FFDC00
839,05LQKT-E,"NovoDynamics, Inc.",541712,5417,541,54,#FFDC00
845,0792SJ-E,"Tolera Therapeutics, Inc.",541712,5417,541,54,#FFDC00
849,06SCGG-E,Van Andel Institute,541712,5417,541,54,#FFDC00
855,98978N10,"Zivo Bioscience, Inc.",541712,5417,541,54,#FFDC00
860,07B261-E,"Jasper Clinical Research & Development, Inc.",541711,5417,541,54,#FFDC00
861,00C628-E,"RealBio Technology, Inc.",541711,5417,541,54,#FFDC00
866,00FLJ5-E,Tetra Discovery Partners LLC,541711,5417,541,54,#FFDC00
868,0DB7L9-E,Lenawee Economic Development Corp.,541690,5416,541,54,#FFDC00
869,0CFVK8-E,Michigan Tech Enterprise Corp.,541690,5416,541,54,#FFDC00
870,07Z41P-E,Omni Tech International Ltd.,541690,5416,541,54,#FFDC00
871,07SWPQ-E,"Great Lakes Environmental Center, Inc.",541620,5416,541,54,#FFDC00
872,064CY3-E,"Avenir Group, Inc.",541618,5416,541,54,#FFDC00
873,05L5JJ-E,"Orr & Boss, Inc.",541618,5416,541,54,#FFDC00
875,0816HC-E,"Santa Rosa Consulting, Inc.",541618,5416,541,54,#FFDC00
878,06SLBZ-E,The Core Technology Alliance Corp.,541618,5416,541,54,#FFDC00
879,064WWX-E,Trinity Health International,541618,5416,541,54,#FFDC00
883,0794L9-E,Gavilon Holdings LLC,541614,5416,541,54,#FFDC00
887,00CNRP-E,LINC Logistics Co.,541614,5416,541,54,#FFDC00
890,07PFGX-E,Logistics Insight Corp.,541614,5416,541,54,#FFDC00
891,05ZNS3-E,"XPO Express, Inc.",541614,5416,541,54,#FFDC00
892,05ML2D-E,"AlixPartners, LLP",541613,5416,541,54,#FFDC00
906,06G0FF-E,"GIB, Inc.",541613,5416,541,54,#FFDC00
907,05R9D4-E,"HelloWorld, Inc.",541613,5416,541,54,#FFDC00
912,063SXT-E,"Market Strategies, Inc.",541613,5416,541,54,#FFDC00
914,07ZKNM-E,"R.J. Conlin, Inc.",541613,5416,541,54,#FFDC00
915,07Z203-E,Smercina Charitable Partners LLC,541613,5416,541,54,#FFDC00
916,05LCMS-E,BBK Ltd.,541611,5416,541,54,#FFDC00
918,07X5Y5-E,Christian Schools International,541611,5416,541,54,#FFDC00
919,083HYT-E,"Conway Mackenzie, Inc.",541611,5416,541,54,#FFDC00
922,06RYRC-E,"Knight Facilities Management, Inc.",541611,5416,541,54,#FFDC00
923,06SGDP-E,"Netlink Software Group America, Inc.",541611,5416,541,54,#FFDC00
924,07PFZZ-E,"Program Planning Professionals, Inc.",541611,5416,541,54,#FFDC00
932,00D022-E,"Task Technologies, Inc.",541611,5416,541,54,#FFDC00
936,072RN1-E,"Advanced Technology Group USA, Inc.",541519,5415,541,54,#FFDC00
937,0D0HF0-E,"Agri-Tech Systems, Inc.",541519,5415,541,54,#FFDC00
938,22357R10,Covisint Corp.,541519,5415,541,54,#FFDC00
945,06ZNVJ-E,E-IT Professionals Corp.,541519,5415,541,54,#FFDC00
947,06ZYPC-E,"Open Systems Technologies, Inc.",541519,5415,541,54,#FFDC00
948,07WYTX-E,"Azure Solutions, Inc.",541512,5415,541,54,#FFDC00
949,0CSG37-E,"Esi US, Inc.",541512,5415,541,54,#FFDC00
950,07YKM2-E,"Konnech, Inc.",541512,5415,541,54,#FFDC00
952,0013JY-E,"Mechanical Dynamics, Inc.",541512,5415,541,54,#FFDC00
953,063XFS-E,"CareTech Solutions, Inc.",541511,5415,541,54,#FFDC00
958,05QKK9-E,Centromine,541511,5415,541,54,#FFDC00
959,063K47-E,"CogniTens, Inc.",541511,5415,541,54,#FFDC00
962,00DG8S-E,"DeepField Networks, Inc.",541511,5415,541,54,#FFDC00
963,0B62GP-E,"Emergtech Business Solutions, Inc.",541511,5415,541,54,#FFDC00
964,070X67-E,"GDI Infotech, Inc.",541511,5415,541,54,#FFDC00
968,06L2ZR-E,"Janeeva, Inc.",541511,5415,541,54,#FFDC00
973,0652V8-E,Percepta LLC,541511,5415,541,54,#FFDC00
974,0C322H-E,Quantum Signal LLC,541511,5415,541,54,#FFDC00
976,08462Y-E,"Vision Tech Solutions, Inc.",541511,5415,541,54,#FFDC00
977,009BKH-E,Visioneering Inc,541420,5414,541,54,#FFDC00
981,07QRPN-E,"Progressive Architecture Engineering Planning, Inc.",541410,5414,541,54,#FFDC00
982,0BZ2Q0-E,"Advanced Technologies of Michigan, Inc.",541380,5413,541,54,#FFDC00
983,06SGRJ-E,"ApoLife, Inc.",541380,5413,541,54,#FFDC00
984,005P3W-E,"Rubicon Genomics, Inc.",541380,5413,541,54,#FFDC00
987,07P37F-E,"Burtek, Inc.",541330,5413,541,54,#FFDC00
989,066QHV-E,"Commonwealth Associates, Inc.",541330,5413,541,54,#FFDC00
992,07XGWP-E,Dakkota Integrated Systems LLC,541330,5413,541,54,#FFDC00
994,081KTL-E,"DGE, Inc.",541330,5413,541,54,#FFDC00
995,0C6S3Q-E,"Great Lakes Sound & Vibration, Inc.",541330,5413,541,54,#FFDC00
996,07YKSF-E,"KI Technologies, Inc.",541330,5413,541,54,#FFDC00
997,075Z1H-E,Michigan Aerospace Corp.,541330,5413,541,54,#FFDC00
998,07JMFW-E,"Mindware Engineering, Inc.",541330,5413,541,54,#FFDC00
1000,07R0MP-E,"Orchard, Hiltz & Mccliment, Inc.",541330,5413,541,54,#FFDC00
1004,05L996-E,"Smithgroup Companies, Inc.",541330,5413,541,54,#FFDC00
1007,07ZM18-E,Structuretec Engineering Corp.,541330,5413,541,54,#FFDC00
1008,064Q9P-E,"The Ideal Group, Inc.",541310,5413,541,54,#FFDC00
1009,07ZQJB-E,"Tomblinson Harburn Associates Architects & Planners, Inc.",541310,5413,541,54,#FFDC00
1010,09HZRS-E,"Burroughs, Inc.",541214,5412,541,54,#FFDC00
1011,05WQZM-E,The Rehmann Group LLC,541211,5412,541,54,#FFDC00
1012,05NDCP-E,Honigman Miller Schwartz & Cohn LLP,541110,5411,541,54,#FFDC00
1013,05LMCZ-E,"Miller, Canfield, Paddock and Stone, P.L.C.",541110,5411,541,54,#FFDC00
1014,86667410,"Sun Communities, Inc.",531390,5313,531,53,#FFD000
1020,0D27SV-E,Marketplace Housing LLC,531311,5313,531,53,#FFD000
1021,74325P10,"ProGreen Properties, Inc.",531311,5313,531,53,#FFD000
1024,071C8F-E,Audia Group,531210,5312,531,53,#FFD000
1025,07Y5CD-E,Greater Lansing Association of REALTORS,531210,5312,531,53,#FFD000
1040,009P71-E,"HBB, Inc.",531210,5312,531,53,#FFD000
1041,0085BV-E,Kojaian Management Corp.,531210,5312,531,53,#FFD000
1042,0CW337-E,Offsite LLC,531210,5312,531,53,#FFD000
1043,07SBKZ-E,Redico LLC,531210,5312,531,53,#FFD000
1045,849210,Agree Realty Corporation,531190,5311,531,53,#FFD000
1052,44041U10,"Horizon Group Properties, Inc.",531190,5311,531,53,#FFD000
1056,686000000000001000000000000000000000000000000000000000000000000000000000000000000000000000000000000000000000000000000000000000000000000000000000000000000000000000000000000000000000000000000000000000000000000000000,"Origen Financial, Inc.",531190,5311,531,53,#FFD000
1061,75145220,Ramco-Gershenson Properties Trust,531190,5311,531,53,#FFD000
1068,87666410,"Taubman Centers, Inc.",531190,5311,531,53,#FFD000
1075,07S217-E,Bronson Properties Corp.,531120,5311,531,53,#FFD000
1077,06TX4R-E,North Pointe Casualty Insurance Co.,524298,5242,524,52,#FFC500
1079,06TX4J-E,"North Pointe Financial Services, Inc.",524298,5242,524,52,#FFC500
1081,0657TQ-E,The Campbell Group,524298,5242,524,52,#FFC500
1083,00388B-E,Regents of The University of Michigan,524292,5242,524,52,#FFC500
1084,00CD34-E,Acrisure LLC,524210,5242,524,52,#FFC500
1085,05GPX8-E,"Amerisure, Inc.",524210,5242,524,52,#FFC500
1089,06VXX7-E,"ChoiceOne Insurance Agencies, Inc.",524210,5242,524,52,#FFC500
1091,07T6LR-E,"Comprehensive Planning, Inc.",524210,5242,524,52,#FFC500
1092,06KQ7C-E,"FinCor Holdings, Inc.",524210,5242,524,52,#FFC500
1100,0013VJ-E,First Mercury Financial,524210,5242,524,52,#FFC500
1106,000NGQ-E,"H.W. Kaufman Financial Group, Inc.",524210,5242,524,52,#FFC500
1107,003WXK-E,Professionals Direct Inc Com,524210,5242,524,52,#FFC500
1114,05MFR6-E,Reassure America Life Insurance Co.,524210,5242,524,52,#FFC500
1115,063PPM-E,Accident Fund Insurance Co. of America,524128,5241,524,52,#FFC500
1126,05LL41-E,"Meadowbrook, Inc.",524128,5241,524,52,#FFC500
1129,06XHRD-E,American Road Insurance Co.,524126,5241,524,52,#FFC500
1130,06GHL7-E,Amerisure Insurance Co.,524126,5241,524,52,#FFC500
1131,05L4BS-E,Amerisure Mutual Insurance Company,524126,5241,524,52,#FFC500
1142,06NK46-E,Auto Club Insurance Association,524126,5241,524,52,#FFC500
1143,05GPYL-E,Dorinco Reinsurance Co.,524126,5241,524,52,#FFC500
1148,06P2KN-E,Fremont Insurance Co.,524126,5241,524,52,#FFC500
1153,005FF0-E,Fremont Mich Insuracorp Inc Cl A,524126,5241,524,52,#FFC500
1160,064L7R-E,Hastings Mutual Insurance Co.,524126,5241,524,52,#FFC500
1167,06P4YS-E,Home-Owners Insurance Co.,524126,5241,524,52,#FFC500
1168,58319P10,"Meadowbrook Insurance Group, Inc.",524126,5241,524,52,#FFC500
1177,06NK2S-E,North Pointe Insurance Co.,524126,5241,524,52,#FFC500
1179,06S7PN-E,Star Insurance Co.,524126,5241,524,52,#FFC500
1184,064B66-E,Wolverine Mutual Insurance Co.,524126,5241,524,52,#FFC500
1185,064CGK-E,Blue Care Network of Michigan,524114,5241,524,52,#FFC500
1201,05KWFB-E,"Delta Dental, Inc.",524114,5241,524,52,#FFC500
1203,05X0DV-E,"Great Lakes Health Plan, Inc.",524114,5241,524,52,#FFC500
1212,064MXM-E,Health Alliance Plan of Michigan,524114,5241,524,52,#FFC500
1231,064CCG-E,Auto-Owners Insurance Group,524113,5241,524,52,#FFC500
1232,05MKJS-E,Accelerator Group LLC,523999,5239,523,52,#FFB900
1235,06HW7N-E,Ann Arbor Spark Business Accelerator,523999,5239,523,52,#FFB900
1238,07KCTT-E,Asset Acceptance LLC,523999,5239,523,52,#FFB900
1239,05V7SX-E,"Beringea, Inc.",523999,5239,523,52,#FFB900
1241,40432Y10,HPIL Holding,523999,5239,523,52,#FFB900
1244,067Q0C-E,"Michigan Holdings, Inc.",523999,5239,523,52,#FFB900
1248,06YWVY-E,Michigan Venture Capital Association,523999,5239,523,52,#FFB900
1255,00CQP6-E,"PDK Energy, Inc.",523999,5239,523,52,#FFB900
1256,06BG5G-E,RDV Corp.,523999,5239,523,52,#FFB900
1257,06FVQH-E,Ross Learning LLC /Management/,523999,5239,523,52,#FFB900
1258,80011110,Sandston Corporation,523999,5239,523,52,#FFB900
1260,0CZ3DZ-E,Start Garden LLC,523999,5239,523,52,#FFB900
1261,06QBBR-E,The Oxford Investment Group,523999,5239,523,52,#FFB900
1262,90255710,"UAN Cultural & Creative Co., Ltd.",523999,5239,523,52,#FFB900
1264,90255W10,UAN Power Corp.,523999,5239,523,52,#FFB900
1267,003M0H-E,Greenleaf Trust,523991,5239,523,52,#FFB900
1269,0CJFFP-E,"Auto Club Trust, FSB",523930,5239,523,52,#FFB900
1270,0CMQFQ-E,Azaz Capital Corp.,523930,5239,523,52,#FFB900
1271,006CNQ-E,P&M Corporate Finance LLC,523930,5239,523,52,#FFB900
1272,07XB2J-E,Bond Corp.,523920,5239,523,52,#FFB900
1273,00101H-E,"Keyco Bond Fund, Inc.",523920,5239,523,52,#FFB900
1277,07R81P-E,Multi-Bank Services Ltd.,523120,5231,523,52,#FFB900
1279,060551-E,Amherst Partners LLC,523110,5231,523,52,#FFB900
1281,07W9SB-E,"R-B Financial/Mortgages, Inc.",522390,5223,522,52,#FFAE00
1282,00F69K-E,"Protean Payment, Inc.",522320,5223,522,52,#FFAE00
1284,0876NL-E,"Gold Star Mortgage Financial Group, Inc.",522310,5223,522,52,#FFAE00
1285,064K04-E,GreenStone Farm Credit Services,522310,5223,522,52,#FFAE00
1307,07ZQGN-E,MVB Mortgage Corp.,522310,5223,522,52,#FFAE00
1308,07X7T6-E,"Shore Financial Services, Inc.",522310,5223,522,52,#FFAE00
1309,064KP3-E,Crawford & Winiarski Financial Consulting LLC,522293,5222,522,52,#FFAE00
1310,06MKCJ-E,"Midwest Loan Services, Inc.",522292,5222,522,52,#FFAE00
1311,064HJK-E,Ally Commercial Finance LLC,522291,5222,522,52,#FFAE00
1314,063YG2-E,DFCU Financial Group LLC,522291,5222,522,52,#FFAE00
1324,02005N10,Ally Financial Inc,522220,5222,522,52,#FFAE00
1333,000DQ5-E,Chrysler Financial Corp.,522220,5222,522,52,#FFAE00
1335,22531010,Credit Acceptance Corporation,522220,5222,522,52,#FFAE00
1339,000KN5-E,Ford Motor Credit Company,522220,5222,522,52,#FFAE00
1347,05L911-E,"Signature Financial Group, Inc.",522220,5222,522,52,#FFAE00
1348,07P6MX-E,Dow Chemical Employees' Credit Union,522130,5221,522,52,#FFAE00
1349,07PN7S-E,Michigan State University Federal Credit Union,522130,5221,522,52,#FFAE00
1350,0CMDPT-E,First Federal of Northern Michigan,522120,5221,522,52,#FFAE00
1356,32021X10,"First Federal Of Northern Michigan Bancorp, Inc.",522120,5221,522,52,#FFAE00
1364,06NHV4-E,"Flagstar Bank, FSB",522120,5221,522,52,#FFAE00
1375,05S3DY-E,Sturgis Bank & Trust Co.,522120,5221,522,52,#FFAE00
1380,0B38QV-E,Ann Arbor State Bank (Michigan),522110,5221,522,52,#FFAE00
1381,0CHBN9-E,Bank of Birmingham (Michigan),522110,5221,522,52,#FFAE00
1384,073GXX-E,Bank of Michigan,522110,5221,522,52,#FFAE00
1385,06Q7NY-E,Capitol National Bank,522110,5221,522,52,#FFAE00
1386,084LZ6-E,"Century Bank & Trust (Coldwater, Michigan)",522110,5221,522,52,#FFAE00
1396,05KG9X-E,Chelsea State Bank,522110,5221,522,52,#FFAE00
1405,06PFDY-E,Chemical Bank,522110,5221,522,52,#FFAE00
1421,06VXPQ-E,ChoiceOne Bank,522110,5221,522,52,#FFAE00
1437,005QGT-E,Citizens National Bank of Cheboygan,522110,5221,522,52,#FFAE00
1444,06RHGG-E,Clarkston State Bank,522110,5221,522,52,#FFAE00
1449,06VKQ7-E,Community Shores Bank,522110,5221,522,52,#FFAE00
1455,05X6CW-E,Crestmark Bank,522110,5221,522,52,#FFAE00
1459,060M64-E,Dart Bank,522110,5221,522,52,#FFAE00
1466,06PWH9-E,Eastern Michigan Bank,522110,5221,522,52,#FFAE00
1476,07RPZ0-E,Edgewater Bank,522110,5221,522,52,#FFAE00
1483,06VB92-E,First National Bank in Howell (Michigan),522110,5221,522,52,#FFAE00
1491,084ZPT-E,Firstbank,522110,5221,522,52,#FFAE00
1493,07ZVYG-E,Grand River Bank,522110,5221,522,52,#FFAE00
1501,06VG0B-E,Hantz Bank,522110,5221,522,52,#FFAE00
1504,07C0G2-E,"Independent Bank (Ionia, Michigan)",522110,5221,522,52,#FFAE00
1507,06STBL-E,Isabella Bank,522110,5221,522,52,#FFAE00
1520,085S6R-E,"Kalamazoo County State Bank, Inc.",522110,5221,522,52,#FFAE00
1521,06PTZQ-E,Keystone Community Bank,522110,5221,522,52,#FFAE00
1524,005R7Q-E,Lapeer County Bank & Trust Co.,522110,5221,522,52,#FFAE00
1532,07N2B7-E,Level One Bank,522110,5221,522,52,#FFAE00
1534,0788F5-E,Livingston Community Bank,522110,5221,522,52,#FFAE00
1537,06S64S-E,Macatawa Bank,522110,5221,522,52,#FFAE00
1549,06VS72-E,mBank,522110,5221,522,52,#FFAE00
1558,06SC5S-E,Mercantile Bank of Michigan,522110,5221,522,52,#FFAE00
1568,06VY78-E,Monarch Community Bank,522110,5221,522,52,#FFAE00
1575,002XN3-E,Pavilion Bancorp Inc Com,522110,5221,522,52,#FFAE00
1576,84336P10,"Southern Michigan Bancorp, Inc.",522110,5221,522,52,#FFAE00
1587,05LMK6-E,Southern Michigan Bank & Trust,522110,5221,522,52,#FFAE00
1597,87482X10,"Talmer Bancorp, Inc. Class A",522110,5221,522,52,#FFAE00
1611,07D08Y-E,Talmer Bank and Trust,522110,5221,522,52,#FFAE00
1624,06Q8M3-E,Talmer West Bank,522110,5221,522,52,#FFAE00
1625,005RNC-E,"The State Bank (Fenton, Michigan)",522110,5221,522,52,#FFAE00
1634,07R9YK-E,Traverse City State Bank,522110,5221,522,52,#FFAE00
1635,91409010,"University Bancorp, Inc.",522110,5221,522,52,#FFAE00
1641,06W4QB-E,"University Bank (Ann Arbor, Michigan)",522110,5221,522,52,#FFAE00
1642,0CZBXF-E,West Shore Bank,522110,5221,522,52,#FFAE00
1643,97788010,"Wolverine Bancorp, Inc.",522110,5221,522,52,#FFAE00
1650,0BBFZD-E,"Logicalis Us Holdings, Inc.",519190,5191,519,51,#FFA200
1651,00DW6T-E,Quikly LLC,519190,5191,519,51,#FFA200
1655,00D83N-E,Are You a Human LLC,519130,5191,519,51,#FFA200
1658,069WBR-E,Detroit Legal News Publishing LLC,519130,5191,519,51,#FFA200
1659,07V5Q3-E,Monroe Publishing Co.,519130,5191,519,51,#FFA200
1660,00FNV6-E,"Pinoccio, Inc.",519130,5191,519,51,#FFA200
1662,07BWGQ-E,Tata Technologies Ltd.,519130,5191,519,51,#FFA200
1664,92936010,"WWA Group, Inc.",519130,5191,519,51,#FFA200
1666,07ZD1J-E,Genesee District Library,519120,5191,519,51,#FFA200
1667,072R6C-E,Troy Public Library,519120,5191,519,51,#FFA200
1668,07P22T-E,"Cu Answers, Inc.",518210,5182,518,51,#FF9700
1673,05KXNK-E,Environmental Research Institute of Michigan,518210,5182,518,51,#FF9700
1675,07Y4BW-E,"Kent Record Management, Inc.",518210,5182,518,51,#FF9700
1676,68401U10,OptimizeRx Corporation,518210,5182,518,51,#FF9700
1680,07S1CB-E,Radley Corp.,518210,5182,518,51,#FF9700
1681,0CQ7BY-E,"RevSpring, Inc.",518210,5182,518,51,#FF9700
1686,87162H10,"Syntel, incorporated",518210,5182,518,51,#FF9700
1694,000R3D-E,TechTeam Global Inc.,518210,5182,518,51,#FF9700
1695,07WZHV-E,"User Friendly Consulting, Inc.",518210,5182,518,51,#FF9700
1698,0C3ZP9-E,"ABA Communications, Inc.",517919,5179,517,51,#FF8B00
1700,0C2XZ3-E,Detroit Trading Co.,517919,5179,517,51,#FF8B01
1704,0025F3-E,"Family Christian Stores, Inc.",517919,5179,517,51,#FF8B02
1705,064J9T-E,"Gospel Communications International, Inc.",517919,5179,517,51,#FF8B03
1715,05LKV3-E,"Maxfunds.com, Inc.",517919,5179,517,51,#FF8B04
1718,0DDJ4Q-E,Motozuma LLC,517919,5179,517,51,#FF8B05
1719,06LP97-E,"ReCellular, Inc.",517919,5179,517,51,#FF8B06
1722,00DKHH-E,Rock City Apps LLC,517919,5179,517,51,#FF8B07
1728,00F66C-E,"Seelio, Inc.",517919,5179,517,51,#FF8B08
1731,063CCL-E,Sircon Corp.,517919,5179,517,51,#FF8B09
1732,00DSP4-E,Varsity News Network LLC,517919,5179,517,51,#FF8B10
1733,05M8GJ-E,"XanEdu Publishing, Inc.",517919,5179,517,51,#FF8B11
1734,00C3Y9-E,"Destination Media, Inc.",517210,5172,517,51,#FF8B12
1737,06GBR5-E,GVCwinstar,517210,5172,517,51,#FF8B13
1738,0098B2-E,MetroPCS Michigan LLC,517210,5172,517,51,#FF8B14
1741,0064V3-E,"Appia Communications, Inc.",517110,5171,517,51,#FF8B15
1742,06G0F6-E,"BullsEye Telecom, Inc.",517110,5171,517,51,#FF8B16
1746,06TX7R-E,Nexlink Communications LLC,517110,5171,517,51,#FF8B17
1747,060HCM-E,WHSB-FM,515112,5151,515,51,#FF8000
1749,062CJQ-E,Grenax Broadcasting LLC,515111,5151,515,51,#FF8000
1752,0664JQ-E,Northern Star Broadcasting LLC,515111,5151,515,51,#FF8000
1754,78659830,"Saga Communications, Inc. Class A",515111,5151,515,51,#FF8000
1758,06S9ND-E,Crossroads Media LLC,512230,5122,512,51,#FF7000
1760,05SJ80-E,Altair Engineering Inc.,511210,5112,511,51,#FF6000
1766,0CTT7Z-E,Ark Labs LLC,511210,5112,511,51,#FF6000
1770,0B3QYH-E,"AutoKnowledge, Inc.",511210,5112,511,51,#FF6000
1771,06TYSL-E,"Campfire Interactive, Inc.",511210,5112,511,51,#FF6000
1772,05T10Q-E,Computech Corp.,511210,5112,511,51,#FF6000
1774,20563810,Compuware Corporation,511210,5112,511,51,#FF6000
1784,00D6X3-E,Digital Knowledge Corp.,511210,5112,511,51,#FF6000
1785,07Y5G5-E,"Emmeskay, Inc.",511210,5112,511,51,#FF6000
1786,09ZNGP-E,"LLamasoft, Inc.",511210,5112,511,51,#FF6000
1787,066CC7-E,"Logicalis, Inc.",511210,5112,511,51,#FF6000
1790,05LL96-E,"MediaSpan Group, Inc.",511210,5112,511,51,#FF6000
1792,05Z81P-E,ProQuest LLC,511210,5112,511,51,#FF6000
1799,0C33GR-E,"Red Cedar Technology, Inc.",511210,5112,511,51,#FF6000
1800,77060910,Robertson Global Health Solutions Corporation,511210,5112,511,51,#FF6000
1802,080ZS0-E,"SilkRoute Global, Inc.",511210,5112,511,51,#FF6000
1803,07627S-E,"Trubiquity, Inc.",511210,5112,511,51,#FF6000
1805,06LWSR-E,WorkForce Software LLC,511210,5112,511,51,#FF6000
1807,05KH1X-E,R. L. Polk & Co.,511140,5111,511,51,#FF6000
1808,0CQ0BF-E,Mitsi Holdings LLC,493190,4931,493,49,#FF5000
1809,07T0QQ-E,"Welch Aviation, Inc.",492110,4921,492,49,#FF4000
1810,064JV0-E,Hanson Logistics,488510,4885,488,48,#FF3000
1817,08C9L3-E,syncreon International Group,488510,4885,488,48,#FF3000
1826,0B12N1-E,Detroit International Bridge Co.,488490,4884,488,48,#FF3000
1827,001ZX2-E,United Road Service Com New,488410,4884,488,48,#FF3000
1829,07R3SS-E,Detroit Transportation Corp.,488210,4882,488,48,#FF3000
1840,06Y8NM-E,Wayne County Airport Authority,488119,4881,488,48,#FF3000
1843,05VT3Z-E,Vector Pipeline LP,486110,4861,486,48,#FF2000
1844,07FK8K-E,"Precision Motor Transport Group, LLC",484220,4842,484,48,#FF1000
1847,002GNZ-E,"USF Holland, Inc.",484122,4841,484,48,#FF1000
1850,07QP87-E,"Alco Transportation, Inc.",484121,4841,484,48,#FF1000
1851,06FTD1-E,"Con-Way Freight, Inc.",484121,4841,484,48,#FF1000
1852,07QZJ7-E,Corrigan Moving & Storage Co.,484121,4841,484,48,#FF1000
1853,079MH2-E,Davis Cartage Co.,484121,4841,484,48,#FF1000
1854,91388P10,"Universal Truckload Services, Inc.",484121,4841,484,48,#FF1000
1864,001SVZ-E,"CenTra, Inc.",484110,4841,484,48,#FF1000
1865,0CC32S-E,Marquette Rail LLC,482112,4821,482,48,#FF0000
1866,0DH55T-E,"Train Travel, Inc.",482112,4821,482,48,#FF0000
1867,05TWQ4-E,Detroit River Tunnel Co.,482111,4821,482,48,#FF0000
1869,07R31H-E,"Corporate Eagle Management Services, Inc.",481211,4812,481,48,#E71717
1871,06PMDZ-E,Northern Lights Airlines Ltd.,481111,4811,481,48,#E71717
1872,008KMZ-E,Liberty Renewable Fuels LLC,454319,4543,454,45,#D02E2E
1873,07RLDQ-E,"Variety Foodservices, Inc.",454210,4542,454,45,#D02E2E
1874,06NCDM-E,"Harbor Industries, Inc.",453998,4539,453,45,#B94545
1875,078912-E,"Pet Supplies ""Plus""/U.S.A., Inc.",453910,4539,453,45,#B94545
1878,004HBW-E,Kmart Fing I Pfd Trcv 7.75%,452990,4529,452,45,#A25C5C
1881,06426F-E,"Walden Book Co., Inc.",451211,4512,451,45,#8B7373
1882,0641GW-E,Dunham's Athleisure Corp.,451110,4511,451,45,#8B7373
1883,00205G-E,Gerber Childrenswear Inc.,448130,4481,448,44,#738B8B
1884,07QDM6-E,J&H Oil Co.,447190,4471,447,44,#5CA2A2
1885,061GBR-E,"RX Optical Laboratories, Inc.",446130,4461,446,44,#45B9B9
1886,07QQVK-E,Richardson's Pharmacy LLC,446110,4461,446,44,#45B9B9
1892,060KKJ-E,United Distribution Group LLC,445120,4451,445,44,#2ED0D0
1893,06MQV6-E,"Borman's, Inc.",445110,4451,445,44,#2ED0D0
1895,063N6T-E,"D&W Food Centers, Inc.",445110,4451,445,44,#2ED0D0
1896,07Q03K-E,"Goodrich's Spartan Shop-Rite Market, Inc.",445110,4451,445,44,#2ED0D0
1897,00BSMX-E,Klein Retail Centers Inc.,445110,4451,445,44,#2ED0D0
1901,05W97B-E,"Meijer, Inc.",445110,4451,445,44,#2ED0D0
1907,06NK62-E,"New Moosejaw, LLC",444210,4442,444,44,#17E7E7
1909,00C8Y9-E,"Mount Knowledge USA, Inc.",443120,4431,443,44,#00FFFF
1912,06DL7H-E,"Taylor Technologies, Inc.",443120,4431,443,44,#00FFFF
1913,0BD534-E,OnSite Services Co.,443111,4431,443,44,#00FFFF
1917,060LMT-E,"Affinia Group, Inc.",441310,4413,441,44,#00FFD4
1921,065F2L-E,AISIN World Corp. of America,441310,4413,441,44,#00FFD4
1922,073GB1-E,"BRP Acquisition Group, Inc.",441310,4413,441,44,#00FFD4
1923,05MG72-E,"DENSO International America, Inc.",441310,4413,441,44,#00FFD4
1924,57061T30,Marketing Worldwide Corporation,441310,4413,441,44,#00FFD4
1925,000R9R-E,"Newcor, Inc.",441310,4413,441,44,#00FFD4
1926,05VF75-E,TI Automotive,441310,4413,441,44,#00FFD4
1927,00D5FW-E,Current Motor Co.,441221,4412,441,44,#00FFD4
1928,07PBGZ-E,"Lafontaine Global Vehicles, Inc.",441110,4411,441,44,#00FFD4
1929,07PH19-E,"Pat Milliken Ford, Inc.",441110,4411,441,44,#00FFD4
1930,70959W10,"Penske Automotive Group, Inc.",441110,4411,441,44,#00FFD4
1941,007KW7-E,TD Auto Finance LLC,441110,4411,441,44,#00FFD4
1942,076M1P-E,Think North America,441110,4411,441,44,#00FFD4
1946,07P2RZ-E,Atlas Oil Co.,425120,4251,425,42,#00FFAA
1947,0645HV-E,English Gardens,424930,4249,424,42,#00FF7F
1948,07P8C3-E,"Fremont Cooperative Produce Co., Inc.",424910,4249,424,42,#00FF7F
1952,07P9B8-E,"Hamilton Farm Bureau Cooperative, Inc.",424910,4249,424,42,#00FF7F
1959,06XJXG-E,"Liquidity, Inc.",424820,4248,424,42,#00FF7F
1961,06Z5TZ-E,The Vintage Wine Co. Ltd.,424820,4248,424,42,#00FF7F
1962,25068510,Detrex Corporation,424690,4246,424,42,#00FF7F
1966,064L91-E,"Haviland Enterprises, Inc.",424690,4246,424,42,#00FF7F
1968,07NDB0-E,Cadillac Coffee Co.,424490,4244,424,42,#00FF7F
1969,080P6C-E,"Van Dyk & Sons, Inc.",424480,4244,424,42,#00FF7F
1971,05M5C9-E,"Gordon Food Service, Inc.",424410,4244,424,42,#00FF7F
1978,84721510,SpartanNash Company,424410,4244,424,42,#00FF7F
1988,064405-E,Amway Corp.,424210,4242,424,42,#00FF7F
1989,00DWTC-E,"Atterocor, Inc.",424210,4242,424,42,#00FF7F
1994,25456K10,"Diplomat Pharmacy, Inc.",424210,4242,424,42,#00FF7F
1999,00BJXT-E,"Michelle's Miracle, Inc.",424210,4242,424,42,#00FF7F
2003,07B20M-E,Michigan High Throughput Screening Center,424210,4242,424,42,#00FF7F
2004,065960-E,The Harvard Drug Group LLC,424210,4242,424,42,#00FF7F
2005,05L4MD-E,Van Kampen Group,424210,4242,424,42,#00FF7F
2006,0B514M-E,"ViSalus, Inc.",424210,4242,424,42,#00FF7F
2011,070MWF-E,"TWO Men and A Truck/International, Inc.",423860,4238,423,42,#00FF55
2013,0D3Y0Q-E,"Armstrong-Yoshitake, Inc.",423830,4238,423,42,#00FF55
2015,07Z5KW-E,"Trinity Holding, Inc. (Michigan)",423830,4238,423,42,#00FF55
2016,05MJTL-E,Whitehall Products LLC,423820,4238,423,42,#00FF55
2017,06VLQG-E,Reid Supply Co.,423710,4237,423,42,#00FF55
2018,07XPG8-E,"Lite-On Automotive North America, Inc.",423620,4236,423,42,#00FF55
2020,07VQ01-E,"McGowan Electric Supply, Inc.",423610,4236,423,42,#00FF55
2021,064H8W-E,Reed City Power Line Supply Co.,423610,4236,423,42,#00FF55
2022,07X6GF-E,"Reliance Electric Machine Co., Inc.",423610,4236,423,42,#00FF55
2023,07P1D0-E,Brown-Campbell Co.,423510,4235,423,42,#00FF55
2025,07XKFD-E,Dennen Steel Corp.,423510,4235,423,42,#00FF55
2026,009QGW-E,"CytoPherx, Inc.",423450,4234,423,42,#00FF55
2032,071SVZ-E,"Meditrina Pharmaceuticals, Inc.",423450,4234,423,42,#00FF55
2034,07XLZ4-E,MIC Customs Solutions,423430,4234,423,42,#00FF55
2041,07X2G6-E,"Chris-Co., Inc.",423420,4234,423,42,#00FF55
2042,008V4X-E,"Ameriscape, Inc.",423320,4233,423,42,#00FF55
2044,07WLLL-E,"Exotic Granite & Marble, Inc.",423320,4233,423,42,#00FF55
2045,063B6S-E,"The Empire Co., Inc.",423310,4233,423,42,#00FF55
2049,91354310,"Universal Forest Products, Inc.",423310,4233,423,42,#00FF55
2058,086B37-E,American Mitsuba Corp.,423120,4231,423,42,#00FF55
2059,07X446-E,Beel Automotive LLC,423120,4231,423,42,#00FF55
2060,05KZFV-E,"Global Technology, Inc.",423120,4231,423,42,#00FF55
2061,07ZMQC-E,"S&V Technologies, Inc.",423120,4231,423,42,#00FF55
2062,083DD5-E,"Hino Motors Sales USA, Inc.",423110,4231,423,42,#00FF55
2063,0CKVH5-E,"Grand River Aseptic Manufacturing, Inc.",339999,3399,339,33,#00FF2A
2068,07CVPC-E,The Shane Group LLC,339999,3399,339,33,#00FF2A
2069,004XRJ-E,Whitesell International Corp.,339993,3399,339,33,#00FF2A
2070,0BXYWB-E,EP Management Corp.,339991,3399,339,33,#00FF2A
2071,063688-E,Ranir LLC,339114,3391,339,33,#00FF2A
2074,00DKVD-E,"Ablative Solutions, Inc.",339113,3391,339,33,#00FF2A
2079,86366710,Stryker Corporation,339113,3391,339,33,#00FF2A
2088,0CJ90P-E,Angott Medical Products LLC,339112,3391,339,33,#00FF2A
2092,005S78-E,"Handylab, Inc.",339112,3391,339,33,#00FF2A
2098,00CBVY-E,"HistoSonics, Inc.",339112,3391,339,33,#00FF2A
2099,45685K10,"InfuSystem Holdings, Inc.",339112,3391,339,33,#00FF2A
2104,0D620F-E,"Mopec, Inc.",339112,3391,339,33,#00FF2A
2105,0B3KP6-E,"Neuro Nexus Technologies, Inc.",339112,3391,339,33,#00FF2A
2108,008XYP-E,"Pioneer Surgical Technology, Inc.",339112,3391,339,33,#00FF2A
2109,00DF7N-E,"Tangent Medical Technologies, Inc.",339112,3391,339,33,#00FF2A
2112,00BDT8-E,"TransCorp, Inc.",339112,3391,339,33,#00FF2A
2116,85815520,Steelcase Inc. Class A,337214,3372,337,33,#00FF00
2129,000NWW-E,Knape & Vogt Manufacturing Co.,337212,3372,337,33,#00FF00
2131,070HCK-E,Amneon Furniture LLC,337211,3372,337,33,#00FF00
2132,07Y6PH-E,"Escanaba Furniture, Inc.",337211,3372,337,33,#00FF00
2133,002S4D-E,"Haworth, Inc.",337211,3372,337,33,#00FF00
2137,06NDYY-E,"Landscape Forms, Inc.",337211,3372,337,33,#00FF00
2138,06NG05-E,Nucraft Furniture Company,337211,3372,337,33,#00FF00
2139,07YX9Y-E,Irwin Seating Holding Co.,337127,3371,337,33,#00FF00
2140,083YX9-E,"Quality Craft, Inc.",337122,3371,337,33,#00FF00
2143,064904-E,"Art Van Furniture, Inc.",337121,3371,337,33,#00FF00
2144,60054410,"Herman Miller, Inc.",337121,3371,337,33,#00FF00
2155,50533610,LaZBoy Incorporated,337121,3371,337,33,#00FF00
2165,07SSY0-E,"EW Kitchens, Inc.",337110,3371,337,33,#00FF00
2166,06400F-E,Jasper Cabinet Co.,337110,3371,337,33,#00FF00
2167,57459910,Masco Corporation,337110,3371,337,33,#00FF00
2177,0CKCS7-E,General Dynamics Land Systems Customer Service & Support Co.,336992,3369,336,33,#17E70B
2180,0B01DK-E,"Hayes Lemmerz, Inc.",336991,3369,336,33,#17E70B
2181,05VGR0-E,Cignet LLC,336612,3366,336,33,#17E70B
2182,07XT4F-E,"Concept Fastners, Inc.",336612,3366,336,33,#17E70B
2183,003GC1-E,"Plastipak Holdings, Inc.",336612,3366,336,33,#17E70B
2185,0745FF-E,"S 2 Yachts, Inc.",336612,3366,336,33,#17E70B
2186,005T51-E,VTEC Technologies LLC,336612,3366,336,33,#17E70B
2187,080PZD-E,"Avon Protection Systems, Inc.",336413,3364,336,33,#17E70B
2190,0CVY79-E,AIP/Aerospace Holdings LLC,336412,3364,336,33,#17E70B
2191,05L67J-E,Penske Transportation Components LLC,336412,3364,336,33,#17E70B
2193,0661Z0-E,Affinia Group Holdings Inc.,336399,3363,336,33,#17E70B
2200,05MY1B-E,"AxleTech International, Inc.",336399,3363,336,33,#17E70B
2203,06MLVK-E,"Center Manufacturing, Inc.",336399,3363,336,33,#17E70B
2208,00B5V1-E,"Cooper Standard Automotive FHS, Inc.",336399,3363,336,33,#17E70B
2209,05SKRX-E,"Cooper-Standard Automotive, Inc.",336399,3363,336,33,#17E70B
2214,06CXXZ-E,General Products Corporation,336399,3363,336,33,#17E70B
2217,37253A10,Gentherm Incorporated,336399,3363,336,33,#17E70B
2225,009VDT-E,"Henniges Automotive, Inc.",336399,3363,336,33,#17E70B
2227,06QWQ3-E,"International Automotive Components Group North America, Inc.",336399,3363,336,33,#17E70B
2230,06841H-E,"JAC Products, Inc.",336399,3363,336,33,#17E70B
2231,05ZGCG-E,"Key Safety Systems, Inc.",336399,3363,336,33,#17E70B
2237,05VYJC-E,LE Technologies,336399,3363,336,33,#17E70B
2239,06QCLN-E,Roush Fenway Racing,336399,3363,336,33,#17E70B
2240,89182610,"Tower International, Inc.",336399,3363,336,33,#17E70B
2246,0656FC-E,"Valeo, Inc.",336399,3363,336,33,#17E70B
2247,0D9FFB-E,GFM Corp.,336370,3363,336,33,#17E70B
2248,52186520,Lear Corporation,336360,3363,336,33,#17E70B
2256,0CQTWF-E,"ALTe Powertrain Technologies, Inc.",336350,3363,336,33,#17E70B
2259,31354940,Federal-Mogul Holdings Corp,336350,3363,336,33,#17E70B
2267,07HZ70-E,"FEV, Inc.",336350,3363,336,33,#17E70B
2268,063CK1-E,Progressive Dynamics Inc.,336350,3363,336,33,#17E70B
2270,00C88T-E,Delphi Automotive LLP,336322,3363,336,33,#17E70B
2280,080LQW-E,Hella Electronics Corp.,336322,3363,336,33,#17E70B
2283,59001K10,"Meritor, Inc.",336322,3363,336,33,#17E70B
2291,003Z44-E,"TRW Automotive, Inc.",336322,3363,336,33,#17E70B
2299,000JHF-E,Federal-Mogul Holdings Corp Warrants 2007-27.12.14 On Shs,336312,3363,336,33,#17E70B
2300,081LD7-E,Inergy Automotive Systems (USA) LLC,336312,3363,336,33,#17E70B
2303,001P5Y-E,Noble Intl Ltd Com,336312,3363,336,33,#17E70B
2310,05Q1JR-E,Alma Products Co.,336211,3362,336,33,#17E70B
2311,001CG8-E,Autocam Corp Com,336211,3362,336,33,#17E70B
2319,9972410,BorgWarner Inc.,336211,3362,336,33,#17E70B
2329,21676P10,Cooper-Standard Holdings Inc.,336211,3362,336,33,#17E70B
2335,37190110,Gentex Corporation,336211,3362,336,33,#17E70B
2343,05RDDB-E,"Rugged Liner, Inc.",336211,3362,336,33,#17E70B
2344,00734Z-E,"StanTech, Inc.",336211,3362,336,33,#17E70B
2345,000XWZ-E,Trico Products Corporation,336211,3362,336,33,#17E70B
2348,87264S10,TRW Automotive Holdings Corp.,336211,3362,336,33,#17E70B
2357,92839U20,Visteon Corporation,336211,3362,336,33,#17E70B
2364,07P166-E,Burke E. Porter Machinery Co.,336111,3361,336,33,#17E70B
2365,05MMNQ-E,Carlson Real Estate,336111,3361,336,33,#17E70B
2366,07NRGK-E,Chrysler Group LLC,336111,3361,336,33,#17E70B
2378,05MFY5-E,Delphi Automotive Systems LLC,336111,3361,336,33,#17E70B
2379,064CCH-E,Flat Rock Assembly Plant,336111,3361,336,33,#17E70B
2380,34537086,Ford Motor Company,336111,3361,336,33,#17E70B
2395,37045V10,General Motors Company,336111,3361,336,33,#17E70B
2406,07SGMH-E,"Gibbs Sports Amphibians, Inc.",336111,3361,336,33,#17E70B
2407,09J8PK-E,HHI Group Holdings LLC,336111,3361,336,33,#17E70B
2410,007JPR-E,"Legend Motors Worldwide, Inc.",336111,3361,336,33,#17E70B
2411,001J60-E,Penske Corporation,336111,3361,336,33,#17E70B
2420,05N6MZ-E,Robert Bosch LLC,336111,3361,336,33,#17E70B
2421,064PYJ-E,"Roush Enterprises, Inc.",336111,3361,336,33,#17E70B
2422,84681910,"Spartan Motors, Inc.",336111,3361,336,33,#17E70B
2428,36848720,GEI Global Energy Corp.,335999,3359,335,33,#2ED017
2430,0CGW5Z-E,"Plasan Carbon Composites, Inc.",335991,3359,335,33,#2ED017
2431,00B7H9-E,"XG Sciences, Inc.",335991,3359,335,33,#2ED017
2438,074MMT-E,K-R Automation Corp.,335931,3359,335,33,#2ED017
2439,06YZZV-E,"Harding Energy, Inc.",335911,3359,335,33,#2ED017
2440,05PKHB-E,"Lion Compact Energy, Inc.",335911,3359,335,33,#2ED017
2441,078D6R-E,"Sakti3, Inc.",335911,3359,335,33,#2ED017
2446,06C2C1-E,"T/J Technologies, Inc.",335911,3359,335,33,#2ED017
2447,05PN8C-E,"Faraday, Inc.",335314,3353,335,33,#2ED017
2449,0021DM-E,"Prestolite Electric, Inc.",335312,3353,335,33,#2ED017
2454,07N94W-E,"Grand Transformers, Inc.",335311,3353,335,33,#2ED017
2459,96332010,Whirlpool Corporation,335224,3352,335,33,#2ED017
2471,001X4S-E,Bissell Inc.,335212,3352,335,33,#2ED017
2474,07QV0Z-E,Fan-Tastic Vent Corp.,335211,3352,335,33,#2ED017
2475,06438T-E,"Electro-Matic Products, Inc.",335122,3351,335,33,#2ED017
2477,0CXZVQ-E,"AgriSight, Inc.",334611,3346,334,33,#45B922
2478,0644XX-E,ANXeBusiness Corp.,334611,3346,334,33,#45B922
2479,0CRH4M-E,"ArborMetrix, Inc.",334611,3346,334,33,#45B922
2483,06HZQ8-E,"ChriMar Systems, Inc.",334611,3346,334,33,#45B922
2484,06J3T7-E,"Danlaw, Inc.",334611,3346,334,33,#45B922
2485,00DNLJ-E,"ePaySelect, Inc.",334611,3346,334,33,#45B922
2487,06JSC4-E,"ESI North America, Inc.",334611,3346,334,33,#45B922
2488,00C1DB-E,"gloStream, Inc.",334611,3346,334,33,#45B922
2489,06ZWQL-E,"H2H Solutions, Inc.",334611,3346,334,33,#45B922
2492,00DFHG-E,iRule LLC,334611,3346,334,33,#45B922
2497,0CZ051-E,"JobApp Network, Inc.",334611,3346,334,33,#45B922
2498,007JMF-E,Kinderstreet Corp.,334611,3346,334,33,#45B922
2499,0CTNY6-E,Level Eleven LLC,334611,3346,334,33,#45B922
2502,000PDY-E,Manatron Inc Com,334611,3346,334,33,#45B922
2503,0644JJ-E,Miracle Software Systems Inc.,334611,3346,334,33,#45B922
2504,06HLLZ-E,"Plex Systems, Inc.",334611,3346,334,33,#45B922
2509,065MVP-E,RouteOne LLC,334611,3346,334,33,#45B922
2512,09KZ9N-E,SalezTrack LLC,334611,3346,334,33,#45B922
2513,0654R5-E,"The TM Group, Inc.",334611,3346,334,33,#45B922
2514,06SNYN-E,"Unitask, Inc.",334611,3346,334,33,#45B922
2516,0BGFC1-E,"Venture Industries, Inc.",334611,3346,334,33,#45B922
2518,07W91Z-E,RS Technologies Ltd.,334519,3345,334,33,#45B922
3214,75400000000000000000000000000000000000000000000000000000000000000000000000000000000000000000000000000000000000,"Advanced Photonix, Inc.",334519,3345,334,33,#45B922
2519,064Z80-E,"Assay Designs, Inc.",334516,3345,334,33,#45B922
2521,9777020,"Bonal International, Inc.",334515,3345,334,33,#45B922
2526,065D1S-E,"Sensicore, Inc.",334515,3345,334,33,#45B922
2527,007NNK-E,"Solidica, Inc.",334515,3345,334,33,#45B922
2529,00C7S4-E,"Everist Genomics, Inc.",334514,3345,334,33,#45B922
2530,073YW8-E,"Silversmith, Inc.",334514,3345,334,33,#45B922
2531,006PRV-E,"Coherix, Inc.",334513,3345,334,33,#45B922
2534,71361F10,"Perceptron, Inc.",334513,3345,334,33,#45B922
2541,064WWV-E,"Sensor Developments, Inc.",334513,3345,334,33,#45B922
2542,006WC6-E,"Accuri Cytometers, Inc.",334510,3345,334,33,#45B922
2545,009QQV-E,"Arbor Photonics, Inc.",334510,3345,334,33,#45B922
2546,07Y5RP-E,"Gunnell, Inc.",334510,3345,334,33,#45B922
2547,009J9T-E,"Phrixus Pharmaceuticals, Inc.",334510,3345,334,33,#45B922
2550,0018LC-E,Somanetics Corp,334510,3345,334,33,#45B922
2559,00BMN6-E,"Aeroflex Microelectronic Solutions, Inc.",334419,3344,334,33,#45B922
2561,00BHVC-E,"Danotek Motion Technologies, Inc.",334419,3344,334,33,#45B922
2565,0643VV-E,FANUC Robotics America Corp.,334419,3344,334,33,#45B922
2566,008NYL-E,"Integrated Sensing Systems, Inc.",334419,3344,334,33,#45B922
2568,07PFG6-E,Lotus International Co.,334419,3344,334,33,#45B922
2572,002WML-E,"Saturn Electronics & Engineering, Inc.",334419,3344,334,33,#45B922
2574,07NFTB-E,US Energia LLC,334419,3344,334,33,#45B922
2575,068VPQ-E,Wintek Electro Optics Corp.,334419,3344,334,33,#45B922
2576,00BMNB-E,"Aeroflex/Inmet, Inc.",334415,3344,334,33,#45B922
2587,009X0G-E,"Arise Technologies, Inc.",334413,3344,334,33,#45B922
2588,05MJ13-E,Dow Corning Electronics,334413,3344,334,33,#45B922
2589,089BPF-E,Hemlock Semiconductor Corp.,334413,3344,334,33,#45B922
2590,0BJVJV-E,Sunlogics PLC,334413,3344,334,33,#45B922
2596,06Q3Z9-E,Saturn Electronics Corp.,334412,3344,334,33,#45B922
2598,05M6BP-E,Trilogy,334412,3344,334,33,#45B922
2599,0C2M6Y-E,"Monarch Antenna, Inc.",334290,3342,334,33,#45B922
2602,0CP119-E,"Summit Digital, Inc.",334220,3342,334,33,#45B922
2603,09173J10,Bitcoin Shop Inc,334119,3341,334,33,#45B922
2604,008M7F-E,"Pixel Velocity, Inc.",334112,3341,334,33,#45B922
2610,89621520,TriMas Corporation,333993,3339,333,33,#5CA22E
2617,77504310,Rofin-Sinar Technologies Inc.,333992,3339,333,33,#5CA22E
2623,0C34MK-E,"SpaceForm Welding Solutions, Inc.",333992,3339,333,33,#5CA22E
2624,0C6F3G-E,"Laramie, Inc.",333923,3339,333,33,#5CA22E
2625,07XV2G-E,"Colombo Sales & Engineering, Inc.",333922,3339,333,33,#5CA22E
2626,080HR6-E,Daifuku Webb Holding Co.,333922,3339,333,33,#5CA22E
2627,063VTG-E,Dearborn Mid-West Conveyor Co.,333922,3339,333,33,#5CA22E
2633,064Y75-E,Dematic Corp.,333922,3339,333,33,#5CA22E
2634,064LV9-E,Jervis B. Webb Co.,333922,3339,333,33,#5CA22E
2635,06T4MD-E,"Engineered Machined Products, Inc.",333911,3339,333,33,#5CA22E
2636,05RZXK-E,Union Pump Co.,333911,3339,333,33,#5CA22E
2637,078BTS-E,EcoMotors International,333618,3336,333,33,#5CA22E
2640,00C3JV-E,"ElectroJet, Inc.",333618,3336,333,33,#5CA22E
2642,92927K10,WABCO Holdings Inc.,333613,3336,333,33,#5CA22E
2650,05SQB6-E,"Automotion, Inc.",333518,3335,333,33,#5CA22E
2652,59116R10,"Metaldyne Performance Group, Inc.",333513,3335,333,33,#5CA22E
2659,008NVR-E,Great Lakes Laser Services LP,333512,3335,333,33,#5CA22E
2660,06DYX9-E,Star Cutter Co.,333512,3335,333,33,#5CA22E
2661,0656J7-E,Behler-Young Company,333415,3334,333,33,#5CA22E
2662,000NY5-E,Kysor Industrial Corporation,333415,3334,333,33,#5CA22E
2663,87889530,Tecumseh Products Company,333415,3334,333,33,#5CA22E
2669,00CV64-E,"Prism Analytical Technologies, Inc.",333411,3334,333,33,#5CA22E
2670,07ZBGM-E,Sitronic Corp.,333319,3333,333,33,#5CA22E
2672,06482M-E,Besser Co.,333298,3332,333,33,#5CA22E
2673,07XRYC-E,"General Machine Service, Inc.",333298,3332,333,33,#5CA22E
2674,0CX43P-E,OPS Solutions LLC,333298,3332,333,33,#5CA22E
2675,07Y638-E,"Phillips Service Industries, Inc.",333295,3332,333,33,#5CA22E
2676,062VJ9-E,The Johnson Corp.,333291,3332,333,33,#5CA22E
2677,079V14-E,Carlton Creek Ironworks LLC,333120,3331,333,33,#5CA22E
2678,0B42T5-E,"Falcon Road Maintenance Equipment, Inc.",333120,3331,333,33,#5CA22E
2679,008H48-E,Self-Guided Systems LLC,333112,3331,333,33,#5CA22E
2680,07B77Z-E,NSW Automotive LLC,332999,3329,332,33,#738B3A
2682,080HS6-E,Wolverine Advanced Materials,332999,3329,332,33,#738B3A
2683,4268220,Arotech Corporation,332994,3329,332,33,#738B3A
2688,07WT86-E,"Center Mass, Inc.",332994,3329,332,33,#738B3A
2690,77437410,"Rockwell Medical, Inc.",332994,3329,332,33,#738B3A
2693,000NGS-E,Kaydon Corporation,332991,3329,332,33,#738B3A
2697,07WK9K-E,"Fluid Routing Solutions, Inc.",332912,3329,332,33,#738B3A
2700,07Z73F-E,"Knape Industries, Inc.",332812,3328,332,33,#738B3A
2701,071WCB-E,Spartan Steel Coating LLC,332812,3328,332,33,#738B3A
2702,07X4BQ-E,"ALD Thermal Treatment, Inc.",332811,3328,332,33,#738B3A
2704,07P293-E,"Beachlawn, Inc.",332722,3327,332,33,#738B3A
2705,31381910,Federal Screw Works,332722,3327,332,33,#738B3A
2713,07Y63V-E,"Jamison Industries, Inc.",332721,3327,332,33,#738B3A
2714,06VXBX-E,Rima Manufacturing Co.,332721,3327,332,33,#738B3A
2716,07Z57S-E,"DAS Technologies, Inc.",332710,3327,332,33,#738B3A
2718,0B18R8-E,"Fairlane Tool Co., Inc.",332710,3327,332,33,#738B3A
2719,05SHTZ-E,JSJ Corporation,332612,3326,332,33,#738B3A
2730,06VL27-E,Automatic Spring Products Corp.,332611,3326,332,33,#738B3A
2731,07XF54-E,"National Industrial Supply Co., Inc.",332611,3326,332,33,#738B3A
2732,064X89-E,Peterson American Corp.,332611,3326,332,33,#738B3A
2733,064C1Y-E,"Ovonyx, Inc.",332510,3325,332,33,#738B3A
2734,0688BG-E,TWB Co. LLC,332322,3323,332,33,#738B3A
2735,07VJTP-E,"Litex, Inc.",332321,3323,332,33,#738B3A
2736,07QTXT-E,"Fab Masters Co., Inc.",332312,3323,332,33,#738B3A
2737,000PKB-E,"Maxco, Inc.",332312,3323,332,33,#738B3A
2738,07QDPD-E,"Moran Iron Works, Inc.",332312,3323,332,33,#738B3A
2747,079SN3-E,Shape Corp.,332312,3323,332,33,#738B3A
2748,064KDL-E,"Unique Fabricating, Inc.",332312,3323,332,33,#738B3A
2754,063XNJ-E,"AJAX Metal Processing, Inc.",332311,3323,332,33,#738B3A
2755,05MGF1-E,DeZURIK,332212,3322,332,33,#738B3A
2756,001W1R-E,Hayes Lemmerz International Inc. Cl A,331524,3315,331,33,#8B7345
2759,0089ZV-E,Die Cast Holdings Inc,331521,3315,331,33,#8B7345
2762,06TLT6-E,Harvey Industries LLC,331521,3315,331,33,#8B7345
2763,06CM6X-E,"ICG Castings, Inc.",331521,3315,331,33,#8B7345
2766,07V2ZF-E,"Northfield Manufacturing, Inc.",331513,3315,331,33,#8B7345
2767,001B2N-E,Chase Industries Inc.,331421,3314,331,33,#8B7345
2768,07ST18-E,"Profile Manufacturing, Inc.",331316,3313,331,33,#8B7345
2769,05X9VT-E,Alro Steel Corporation,331315,3313,331,33,#8B7345
2771,06CY41-E,Kux Manufacturing Co.,331315,3313,331,33,#8B7345
2772,07BQF0-E,Heartland Steel Products LLC,331221,3312,331,33,#8B7345
2773,0644XL-E,MNP Corporation,331221,3312,331,33,#8B7345
2777,063NXP-E,The Brown Corp. of America LLC,331221,3312,331,33,#8B7345
2778,006JN9-E,Tarpon Inds Inc Com,331210,3312,331,33,#8B7345
2781,060SFP-E,"East Jordan Iron Works, Inc.",331111,3311,331,33,#8B7345
2785,05SX2G-E,"Powerlasers, Inc.",331111,3311,331,33,#8B7345
2786,0CMXFT-E,Severstal Dearborn LLC,331111,3311,331,33,#8B7345
2787,061T6V-E,Soave Enterprises L.L.C.,331111,3311,331,33,#8B7345
2791,003KRB-E,"Nanocerox, Inc.",327999,3279,327,32,#A25C51
2798,0643BQ-E,Fabri-Kal Corporation,327213,3272,327,32,#A25C51
2799,003GB0-E,"Plastipak Packaging, Inc.",327213,3272,327,32,#A25C51
2800,00125W-E,Guardian Industries,327211,3272,327,32,#A25C51
2804,0089GT-E,"Avon Automotive Holdings, Inc.",326220,3262,326,32,#B9455D
2806,07RK7M-E,"Custom Profile, Inc.",326199,3261,326,32,#B9455D
2807,083N5C-E,"Delfingen US, Inc.",326199,3261,326,32,#B9455D
2808,0D630K-E,"Medbio, Inc.",326199,3261,326,32,#B9455D
2809,0097XY-E,Vestaron Corp.,325998,3259,325,32,#D02E68
2812,05N3DL-E,"Alticor, Inc.",325612,3256,325,32,#D02E68
2820,07CCZQ-E,"Allied Photochemical, Inc.",325510,3255,325,32,#D02E68
2824,0641LS-E,DuPont Automotive Co.,325510,3255,325,32,#D02E68
2825,07TZGJ-E,"Universal Coating, Inc.",325510,3255,325,32,#D02E68
2826,079GMF-E,"Endra, Inc.",325414,3254,325,32,#D02E68
2831,008Y1X-E,"Incept BioSystems, Inc.",325414,3254,325,32,#D02E68
2834,006GZC-E,Nanobio Corporation,325414,3254,325,32,#D02E68
2841,005QL9-E,NephRx Corp.,325414,3254,325,32,#D02E68
2847,06YWMX-E,SensiGen LLC,325414,3254,325,32,#D02E68
2848,09XSMY-E,"Swift Biosciences, Inc.",325414,3254,325,32,#D02E68
2854,09YFWL-E,"Life Magnetics, Inc.",325413,3254,325,32,#D02E68
2857,067JPH-E,"Astral, Inc.",325412,3254,325,32,#D02E68
2858,00B798-E,"Aursos, Inc.",325412,3254,325,32,#D02E68
2860,0014DL-E,Caraco Pharmaceutical Laboratories Ltd.,325412,3254,325,32,#D02E68
2864,06WZ1K-E,"Cerenis Therapeutics, Inc.",325412,3254,325,32,#D02E68
2870,008ZKF-E,"Conceivex, Inc.",325412,3254,325,32,#D02E68
2879,29664W10,"Esperion Therapeutics, Inc.",325412,3254,325,32,#D02E68
2887,008THT-E,Lycera Corp.,325412,3254,325,32,#D02E68
2893,009WRR-E,Metabolic Solutions Development Co. LLC,325412,3254,325,32,#D02E68
2902,064B45-E,"MPI Research, Inc.",325412,3254,325,32,#D02E68
2904,008HBW-E,"NanoMed Pharmaceuticals, Inc.",325412,3254,325,32,#D02E68
2907,64049110,Neogen Corporation,325412,3254,325,32,#D02E68
2915,005VL0-E,"ProNAi Therapeutics, Inc.",325412,3254,325,32,#D02E68
2919,003J61-E,QuatRx Pharmaceuticals Company,325412,3254,325,32,#D02E68
2926,05VGWG-E,"Twinlab Holdings, Inc.",325411,3254,325,32,#D02E68
2927,07BF9P-E,ViSalus Holdings LLC,325411,3254,325,32,#D02E68
2930,0093DM-E,"GANTEC, Inc.",325320,3253,325,32,#D02E68
2931,26054310,Dow Chemical Company,325211,3252,325,32,#D02E68
2940,000HN9-E,Dow Corning Corp.,325211,3252,325,32,#D02E68
2953,06L8F3-E,ESCO Co. LLP,325199,3251,325,32,#D02E68
2954,05L77C-E,"Pressure Vessel Service, Inc.",325199,3251,325,32,#D02E68
2955,09HRBP-E,Silbond Corporation,325193,3251,325,32,#D02E68
2956,06FJ8H-E,"PVS Technologies, Inc.",325188,3251,325,32,#D02E68
2957,07XG1K-E,Chem Trend Holding LP,324191,3241,324,32,#E71774
2958,09SV3D-E,General Chemical Corporation,324191,3241,324,32,#E71774
2960,0642CW-E,"Walters-Dimmick Petroleum, Inc.",324110,3241,324,32,#E71774
2961,05LWSW-E,Allegra Network LLC,323114,3231,323,32,#FF0080
2962,06792Y-E,"Cello-Foil Products, Inc.",322223,3222,322,32,#4C331A
2964,07YNFJ-E,Handy Wacks Corp.,322215,3222,322,32,#4C331A
2967,000DMF-E,Champion Enterprises,321992,3219,321,32,#5C3D1F
2968,07W3V3-E,PRA Co.,321920,3219,321,32,#5C3D1F
2969,063B6Z-E,"Kok's Woodgoods, Inc.",321113,3211,321,32,#5C3D1F
2972,97809710,"Wolverine World Wide, Inc.",316213,3162,316,31,#6B4724
2982,06GMSH-E,"Performance Fabrics, Inc.",315299,3152,315,31,#7A5229
2983,000KXP-E,Gelman Sciences Inc.,314999,3149,314,31,#8A5C2E
2984,28556010,Electronic Cigarettes International Group Ltd.,312221,3122,312,31,#CCCCCC
2989,0655R2-E,A.M. Todd Group Co.,311942,3119,311,31,#B2B2B2
2994,078G5D-E,"Kalsec, Inc.",311942,3119,311,31,#B2B2B2
2995,07Z9YM-E,"Vandco, Inc.",311612,3116,311,31,#B2B2B2
2999,000L0X-E,Gerber Products Company,311422,3114,311,31,#B2B2B2
3002,064752-E,"Cole's Quality Foods, Inc.",311412,3114,311,31,#B2B2B2
3003,080LHH-E,A.M. Todd Co.,311411,3114,311,31,#B2B2B2
3004,05ND66-E,Michigan Sugar Co.,311312,3113,311,31,#B2B2B2
3014,48783610,Kellogg Company,311230,3112,311,31,#B2B2B2
3026,0653JK-E,Star of the West Milling Company,311211,3112,311,31,#B2B2B2
3027,0641YS-E,"Duro-Last Roofing, Inc.",238390,2383,238,23,#999999
3029,082MK3-E,Schreiber Corp.,238390,2383,238,23,#999999
3030,07R44G-E,"Acoustic Ceiling & Partition Co., Inc.",238310,2383,238,23,#999999
3032,07MWZV-E,Douglas Steel Fabricating Corp.,238220,2382,238,23,#999999
3040,0BZY5P-E,"Godwin Plumbing, Inc.",238220,2382,238,23,#999999
3041,0809XX-E,"Owens Cos., Inc.",238220,2382,238,23,#999999
3042,0850MW-E,C.C. Power LLC,238210,2382,238,23,#999999
3046,07WSQM-E,Abbott K. Shlain Co.,238130,2381,238,23,#999999
3047,07WQVN-E,"Applied Science, Inc.",237990,2379,237,23,#808080
3048,07NQ3S-E,Bacco Construction Co.,237310,2373,237,23,#808080
3050,07PCRC-E,"Milbocker & Sons, Inc.",237310,2373,237,23,#808080
3052,0CK0V9-E,PowerTeam Services LLC,237120,2371,237,23,#808080
3055,07Z5YZ-E,B&B Environmental Services LLC,237110,2371,237,23,#808080
3058,061SSV-E,Barton Malow Co.,236220,2362,236,23,#666666
3061,06584H-E,Christman Company,236220,2362,236,23,#666666
3065,07VGV1-E,"Crittenden Construction Co., Inc.",236220,2362,236,23,#666666
3066,07PB3N-E,"Leidal & Hart Mason Contractors, Inc.",236220,2362,236,23,#666666
3068,0713PT-E,Three Rivers Corp.,236220,2362,236,23,#666666
3072,07PQ0Y-E,"Woods Construction, Inc.",236220,2362,236,23,#666666
3074,07Q6N0-E,"Bilt-Rite Construction, Inc.",236118,2361,236,23,#666666
3075,074JF7-E,Sturgis Improvement Association,236118,2361,236,23,#666666
3077,0030JD-E,"Champion Home Builders, Inc.",236117,2361,236,23,#666666
3081,74586710,"PulteGroup, Inc.",236115,2361,236,23,#666666
3089,0646X9-E,CMS Enterprises Co.,221210,2212,221,22,#4D4D4D
3091,072H8G-E,Continental Energy Systems LLC,221210,2212,221,22,#4D4D4D
3097,000PZ1-E,DTE Gas Co.,221210,2212,221,22,#4D4D4D
3098,06RFSR-E,Semco Energy Gas Co.,221210,2212,221,22,#4D4D4D
3099,07P52X-E,Cherryland Electric Cooperative,221122,2211,221,22,#4D4D4D
3107,58153110,"Mckenzie Bay International, Ltd.",221122,2211,221,22,#4D4D4D
3110,05ND5R-E,Michigan Electric Transmission Co. LLC,221122,2211,221,22,#4D4D4D
3111,075NYZ-E,Michigan South Central Power Agency,221122,2211,221,22,#4D4D4D
3114,07G0Z4-E,Midwest Energy Cooperative,221122,2211,221,22,#4D4D4D
3120,074FHG-E,International Transmission Co. Holding Corp.,221121,2211,221,22,#4D4D4D
3121,46568510,ITC Holdings Corp.,221121,2211,221,22,#4D4D4D
3130,39304L10,"Cirque Energy, Inc.",221119,2211,221,22,#4D4D4D
3134,000F58-E,Consumers Energy Company,221119,2211,221,22,#4D4D4D
3145,0BP6Q3-E,Detroit Renewable Energy LLC,221119,2211,221,22,#4D4D4D
3153,0039D7-E,Edison Sault Electric Co.,221119,2211,221,22,#4D4D4D
3154,05XCJH-E,"Sterling Technologies, Inc.",221119,2211,221,22,#4D4D4D
3155,0073P6-E,Tellurex Corp.,221119,2211,221,22,#4D4D4D
3156,07PYVQ-E,Thumb Electric Cooperative of Michigan,221119,2211,221,22,#4D4D4D
3165,06Z2HW-E,United Solar Ovonic LLC,221119,2211,221,22,#4D4D4D
3166,0B6JMJ-E,ZeroBase Energy LLC,221119,2211,221,22,#4D4D4D
3172,12589610,CMS Energy Corporation,221112,2211,221,22,#4D4D4D
3182,000HHY-E,DTE Electric Company,221112,2211,221,22,#4D4D4D
3185,23333110,DTE Energy Company,221112,2211,221,22,#4D4D4D
3198,000JBN-E,"ESELCO, Inc.",221111,2211,221,22,#4D4D4D
3202,062Z7R-E,Emerald BioAgriculture Corp.,112519,1125,112,11,#333333
3204,49302610,"Keweenaw Land Association, Limited",111421,1114,111,11,#191919
3209,05MN4C-E,"Zelenka Nursery, Inc.",111421,1114,111,11,#191919
3210,0CP4LK-E,Naturipe Foods LLC,111334,1113,111,11,#191919
3211,064G97-E,Cooperative Elevator Co.,111191,1111,111,11,#191919
3219,00CT0V-E,Name Not Available 1,Unavailable,Unavailable,Unavailable,Unavailable,#000000
3220,0014NX-E,Name Not Available 2,Unavailable,Unavailable,Unavailable,Unavailable,#000000
3221,0021L5-E,Name Not Available 3,Unavailable,Unavailable,Unavailable,Unavailable,#000000
3222,2406110,Menlo Acquisition Corp.,Unavailable,Unavailable,Unavailable,Unavailable,#000000
3232,07RDXQ-E,"New Dimension Holdings, Inc. (Michigan)",Unavailable,Unavailable,Unavailable,Unavailable,#000000
